config_id,run_id,metric_name,metric_value,event_ids,actor,actor_identity,key_fields,source_file,line_number,timestamp,notes
C03,2026-02-27_exp_11,vote_correctness,correct,2026-02-27_exp_11:game:1:event:43,Player 2: red,Crewmate,"{""target"": ""Player 3: black"", ""target_identity"": ""Impostor"", ""meeting_id"": 1, ""correct"": true, ""human_voter"": false}",C:\Users\shiven\Desktop\AmongUs\expt-logs\2026-02-27_exp_11\structured-v1\events_v1.jsonl,43,2026-02-27T07:45:54.915498Z,
C03,2026-02-27_exp_11,vote_correctness,incorrect,2026-02-27_exp_11:game:1:event:44,Player 3: black,Impostor,"{""target"": ""Player 6: lime"", ""target_identity"": ""Crewmate"", ""meeting_id"": 1, ""correct"": false, ""human_voter"": false}",C:\Users\shiven\Desktop\AmongUs\expt-logs\2026-02-27_exp_11\structured-v1\events_v1.jsonl,44,2026-02-27T07:45:59.104651Z,
C03,2026-02-27_exp_11,vote_correctness,correct,2026-02-27_exp_11:game:1:event:45,Player 4: pink,Impostor,"{""target"": ""Player 3: black"", ""target_identity"": ""Impostor"", ""meeting_id"": 1, ""correct"": true, ""human_voter"": false}",C:\Users\shiven\Desktop\AmongUs\expt-logs\2026-02-27_exp_11\structured-v1\events_v1.jsonl,45,2026-02-27T07:46:05.492165Z,
C03,2026-02-27_exp_11,vote_correctness,correct,2026-02-27_exp_11:game:1:event:46,Player 5: green,Crewmate,"{""target"": ""Player 3: black"", ""target_identity"": ""Impostor"", ""meeting_id"": 1, ""correct"": true, ""human_voter"": true}",C:\Users\shiven\Desktop\AmongUs\expt-logs\2026-02-27_exp_11\structured-v1\events_v1.jsonl,46,2026-02-27T07:46:07.515413Z,
C03,2026-02-27_exp_11,vote_correctness,correct,2026-02-27_exp_11:game:1:event:47,Player 6: lime,Crewmate,"{""target"": ""Player 3: black"", ""target_identity"": ""Impostor"", ""meeting_id"": 1, ""correct"": true, ""human_voter"": false}",C:\Users\shiven\Desktop\AmongUs\expt-logs\2026-02-27_exp_11\structured-v1\events_v1.jsonl,47,2026-02-27T07:46:09.860205Z,
C03,2026-02-27_exp_11,vote_correctness,correct,2026-02-27_exp_11:game:1:event:48,Player 7: blue,Crewmate,"{""target"": ""Player 3: black"", ""target_identity"": ""Impostor"", ""meeting_id"": 1, ""correct"": true, ""human_voter"": false}",C:\Users\shiven\Desktop\AmongUs\expt-logs\2026-02-27_exp_11\structured-v1\events_v1.jsonl,48,2026-02-27T07:46:13.002153Z,
C03,2026-02-27_exp_11,vote_correctness,correct,2026-02-27_exp_11:game:1:event:123,Player 2: red,Crewmate,"{""target"": ""Player 4: pink"", ""target_identity"": ""Impostor"", ""meeting_id"": 2, ""correct"": true, ""human_voter"": false}",C:\Users\shiven\Desktop\AmongUs\expt-logs\2026-02-27_exp_11\structured-v1\events_v1.jsonl,123,2026-02-27T07:52:04.833827Z,
C03,2026-02-27_exp_11,vote_correctness,incorrect,2026-02-27_exp_11:game:1:event:124,Player 4: pink,Impostor,"{""target"": ""Player 2: red"", ""target_identity"": ""Crewmate"", ""meeting_id"": 2, ""correct"": false, ""human_voter"": false}",C:\Users\shiven\Desktop\AmongUs\expt-logs\2026-02-27_exp_11\structured-v1\events_v1.jsonl,124,2026-02-27T07:52:08.329565Z,
C03,2026-02-27_exp_11,vote_correctness,incorrect,2026-02-27_exp_11:game:1:event:125,Player 5: green,Crewmate,"{""target"": ""Player 2: red"", ""target_identity"": ""Crewmate"", ""meeting_id"": 2, ""correct"": false, ""human_voter"": true}",C:\Users\shiven\Desktop\AmongUs\expt-logs\2026-02-27_exp_11\structured-v1\events_v1.jsonl,125,2026-02-27T07:52:10.330591Z,
C03,2026-02-27_exp_11,vote_correctness,incorrect,2026-02-27_exp_11:game:1:event:126,Player 6: lime,Crewmate,"{""target"": ""Player 2: red"", ""target_identity"": ""Crewmate"", ""meeting_id"": 2, ""correct"": false, ""human_voter"": false}",C:\Users\shiven\Desktop\AmongUs\expt-logs\2026-02-27_exp_11\structured-v1\events_v1.jsonl,126,2026-02-27T07:52:12.905230Z,
C03,2026-02-27_exp_11,ejection_accuracy,correct,2026-02-27_exp_11:game:1:event:49,Player 3: black,Impostor,"{""ejected_player"": ""Player 3: black"", ""ejected_identity"": ""Impostor"", ""meeting_id"": 1, ""correct_ejection"": true}",C:\Users\shiven\Desktop\AmongUs\expt-logs\2026-02-27_exp_11\structured-v1\events_v1.jsonl,49,2026-02-27T07:46:13.006072Z,
C03,2026-02-27_exp_11,ejection_accuracy,incorrect,2026-02-27_exp_11:game:1:event:127,Player 2: red,Crewmate,"{""ejected_player"": ""Player 2: red"", ""ejected_identity"": ""Crewmate"", ""meeting_id"": 2, ""correct_ejection"": false}",C:\Users\shiven\Desktop\AmongUs\expt-logs\2026-02-27_exp_11\structured-v1\events_v1.jsonl,127,2026-02-27T07:52:12.908695Z,
C03,2026-02-27_exp_11,vote_changed,False,,Player 2: red,Crewmate,"{""voter"": ""Player 2: red"", ""meeting_id"": ""1"", ""vote_sequence"": [""Player 3: black""], ""vote_changed"": false}",C:\Users\shiven\Desktop\AmongUs\expt-logs\2026-02-27_exp_11\structured-v1\listener_outcomes_v1.jsonl,1,,
C03,2026-02-27_exp_11,vote_changed,False,,Player 3: black,Impostor,"{""voter"": ""Player 3: black"", ""meeting_id"": ""1"", ""vote_sequence"": [""Player 6: lime""], ""vote_changed"": false}",C:\Users\shiven\Desktop\AmongUs\expt-logs\2026-02-27_exp_11\structured-v1\listener_outcomes_v1.jsonl,2,,
C03,2026-02-27_exp_11,vote_changed,False,,Player 4: pink,Impostor,"{""voter"": ""Player 4: pink"", ""meeting_id"": ""1"", ""vote_sequence"": [""Player 3: black""], ""vote_changed"": false}",C:\Users\shiven\Desktop\AmongUs\expt-logs\2026-02-27_exp_11\structured-v1\listener_outcomes_v1.jsonl,3,,
C03,2026-02-27_exp_11,vote_changed,False,,Player 5: green,Crewmate,"{""voter"": ""Player 5: green"", ""meeting_id"": ""1"", ""vote_sequence"": [""Player 3: black""], ""vote_changed"": false}",C:\Users\shiven\Desktop\AmongUs\expt-logs\2026-02-27_exp_11\structured-v1\listener_outcomes_v1.jsonl,4,,
C03,2026-02-27_exp_11,vote_changed,False,,Player 6: lime,Crewmate,"{""voter"": ""Player 6: lime"", ""meeting_id"": ""1"", ""vote_sequence"": [""Player 3: black""], ""vote_changed"": false}",C:\Users\shiven\Desktop\AmongUs\expt-logs\2026-02-27_exp_11\structured-v1\listener_outcomes_v1.jsonl,5,,
C03,2026-02-27_exp_11,vote_changed,False,,Player 7: blue,Crewmate,"{""voter"": ""Player 7: blue"", ""meeting_id"": ""1"", ""vote_sequence"": [""Player 3: black""], ""vote_changed"": false}",C:\Users\shiven\Desktop\AmongUs\expt-logs\2026-02-27_exp_11\structured-v1\listener_outcomes_v1.jsonl,6,,
C03,2026-02-27_exp_11,vote_changed,False,,Player 2: red,Crewmate,"{""voter"": ""Player 2: red"", ""meeting_id"": ""2"", ""vote_sequence"": [""Player 4: pink""], ""vote_changed"": false}",C:\Users\shiven\Desktop\AmongUs\expt-logs\2026-02-27_exp_11\structured-v1\listener_outcomes_v1.jsonl,7,,
C03,2026-02-27_exp_11,vote_changed,False,,Player 4: pink,Impostor,"{""voter"": ""Player 4: pink"", ""meeting_id"": ""2"", ""vote_sequence"": [""Player 2: red""], ""vote_changed"": false}",C:\Users\shiven\Desktop\AmongUs\expt-logs\2026-02-27_exp_11\structured-v1\listener_outcomes_v1.jsonl,8,,
C03,2026-02-27_exp_11,vote_changed,False,,Player 5: green,Crewmate,"{""voter"": ""Player 5: green"", ""meeting_id"": ""2"", ""vote_sequence"": [""Player 2: red""], ""vote_changed"": false}",C:\Users\shiven\Desktop\AmongUs\expt-logs\2026-02-27_exp_11\structured-v1\listener_outcomes_v1.jsonl,9,,
C03,2026-02-27_exp_11,vote_changed,False,,Player 6: lime,Crewmate,"{""voter"": ""Player 6: lime"", ""meeting_id"": ""2"", ""vote_sequence"": [""Player 2: red""], ""vote_changed"": false}",C:\Users\shiven\Desktop\AmongUs\expt-logs\2026-02-27_exp_11\structured-v1\listener_outcomes_v1.jsonl,10,,
C03,2026-02-27_exp_7,vote_correctness,correct,2026-02-27_exp_7:game:2:event:60,Player 1: white,Crewmate,"{""target"": ""Player 4: brown"", ""target_identity"": ""Impostor"", ""meeting_id"": 1, ""correct"": true, ""human_voter"": false}",C:\Users\shiven\Desktop\AmongUs\expt-logs\2026-02-27_exp_7\structured-v1\events_v1.jsonl,60,2026-02-27T07:12:01.346322Z,
C03,2026-02-27_exp_7,vote_correctness,correct,2026-02-27_exp_7:game:2:event:61,Player 2: orange,Crewmate,"{""target"": ""Player 4: brown"", ""target_identity"": ""Impostor"", ""meeting_id"": 1, ""correct"": true, ""human_voter"": true}",C:\Users\shiven\Desktop\AmongUs\expt-logs\2026-02-27_exp_7\structured-v1\events_v1.jsonl,61,2026-02-27T07:12:03.387456Z,
C03,2026-02-27_exp_7,vote_correctness,correct,2026-02-27_exp_7:game:2:event:62,Player 3: lime,Impostor,"{""target"": ""Player 4: brown"", ""target_identity"": ""Impostor"", ""meeting_id"": 1, ""correct"": true, ""human_voter"": false}",C:\Users\shiven\Desktop\AmongUs\expt-logs\2026-02-27_exp_7\structured-v1\events_v1.jsonl,62,2026-02-27T07:12:05.732836Z,
C03,2026-02-27_exp_7,vote_correctness,correct,2026-02-27_exp_7:game:2:event:63,Player 4: brown,Impostor,"{""target"": ""Player 3: lime"", ""target_identity"": ""Impostor"", ""meeting_id"": 1, ""correct"": true, ""human_voter"": false}",C:\Users\shiven\Desktop\AmongUs\expt-logs\2026-02-27_exp_7\structured-v1\events_v1.jsonl,63,2026-02-27T07:12:09.546304Z,
C03,2026-02-27_exp_7,vote_correctness,incorrect,2026-02-27_exp_7:game:2:event:64,Player 5: cyan,Crewmate,"{""target"": ""Player 7: green"", ""target_identity"": ""Crewmate"", ""meeting_id"": 1, ""correct"": false, ""human_voter"": false}",C:\Users\shiven\Desktop\AmongUs\expt-logs\2026-02-27_exp_7\structured-v1\events_v1.jsonl,64,2026-02-27T07:12:17.452020Z,
C03,2026-02-27_exp_7,vote_correctness,correct,2026-02-27_exp_7:game:2:event:65,Player 7: green,Crewmate,"{""target"": ""Player 4: brown"", ""target_identity"": ""Impostor"", ""meeting_id"": 1, ""correct"": true, ""human_voter"": false}",C:\Users\shiven\Desktop\AmongUs\expt-logs\2026-02-27_exp_7\structured-v1\events_v1.jsonl,65,2026-02-27T07:12:19.230157Z,
C03,2026-02-27_exp_7,vote_correctness,incorrect,2026-02-27_exp_7:game:2:event:153,Player 2: orange,Crewmate,"{""target"": ""Player 7: green"", ""target_identity"": ""Crewmate"", ""meeting_id"": 2, ""correct"": false, ""human_voter"": true}",C:\Users\shiven\Desktop\AmongUs\expt-logs\2026-02-27_exp_7\structured-v1\events_v1.jsonl,153,2026-02-27T07:18:33.136211Z,
C03,2026-02-27_exp_7,vote_correctness,incorrect,2026-02-27_exp_7:game:2:event:154,Player 3: lime,Impostor,"{""target"": ""Player 7: green"", ""target_identity"": ""Crewmate"", ""meeting_id"": 2, ""correct"": false, ""human_voter"": false}",C:\Users\shiven\Desktop\AmongUs\expt-logs\2026-02-27_exp_7\structured-v1\events_v1.jsonl,154,2026-02-27T07:18:36.711283Z,
C03,2026-02-27_exp_7,vote_correctness,incorrect,2026-02-27_exp_7:game:2:event:155,Player 5: cyan,Crewmate,"{""target"": ""Player 7: green"", ""target_identity"": ""Crewmate"", ""meeting_id"": 2, ""correct"": false, ""human_voter"": false}",C:\Users\shiven\Desktop\AmongUs\expt-logs\2026-02-27_exp_7\structured-v1\events_v1.jsonl,155,2026-02-27T07:18:42.825219Z,
C03,2026-02-27_exp_7,vote_correctness,correct,2026-02-27_exp_7:game:2:event:156,Player 7: green,Crewmate,"{""target"": ""Player 3: lime"", ""target_identity"": ""Impostor"", ""meeting_id"": 2, ""correct"": true, ""human_voter"": false}",C:\Users\shiven\Desktop\AmongUs\expt-logs\2026-02-27_exp_7\structured-v1\events_v1.jsonl,156,2026-02-27T07:18:47.419644Z,
C03,2026-02-27_exp_7,vote_correctness,correct,2026-02-27_exp_7:game:2:event:168,Player 2: orange,Crewmate,"{""target"": ""Player 3: lime"", ""target_identity"": ""Impostor"", ""meeting_id"": 3, ""correct"": true, ""human_voter"": true}",C:\Users\shiven\Desktop\AmongUs\expt-logs\2026-02-27_exp_7\structured-v1\events_v1.jsonl,168,2026-02-27T07:20:26.954266Z,
C03,2026-02-27_exp_7,vote_correctness,incorrect,2026-02-27_exp_7:game:2:event:169,Player 3: lime,Impostor,"{""target"": ""Player 2: orange"", ""target_identity"": ""Crewmate"", ""meeting_id"": 3, ""correct"": false, ""human_voter"": false}",C:\Users\shiven\Desktop\AmongUs\expt-logs\2026-02-27_exp_7\structured-v1\events_v1.jsonl,169,2026-02-27T07:20:29.990366Z,
C03,2026-02-27_exp_7,vote_correctness,incorrect,2026-02-27_exp_7:game:2:event:170,Player 5: cyan,Crewmate,"{""target"": ""Player 2: orange"", ""target_identity"": ""Crewmate"", ""meeting_id"": 3, ""correct"": false, ""human_voter"": false}",C:\Users\shiven\Desktop\AmongUs\expt-logs\2026-02-27_exp_7\structured-v1\events_v1.jsonl,170,2026-02-27T07:20:32.741645Z,
C03,2026-02-27_exp_7,ejection_accuracy,correct,2026-02-27_exp_7:game:2:event:66,Player 4: brown,Impostor,"{""ejected_player"": ""Player 4: brown"", ""ejected_identity"": ""Impostor"", ""meeting_id"": 1, ""correct_ejection"": true}",C:\Users\shiven\Desktop\AmongUs\expt-logs\2026-02-27_exp_7\structured-v1\events_v1.jsonl,66,2026-02-27T07:12:19.235514Z,
C03,2026-02-27_exp_7,ejection_accuracy,incorrect,2026-02-27_exp_7:game:2:event:157,Player 7: green,Crewmate,"{""ejected_player"": ""Player 7: green"", ""ejected_identity"": ""Crewmate"", ""meeting_id"": 2, ""correct_ejection"": false}",C:\Users\shiven\Desktop\AmongUs\expt-logs\2026-02-27_exp_7\structured-v1\events_v1.jsonl,157,2026-02-27T07:18:47.423186Z,
C03,2026-02-27_exp_7,ejection_accuracy,incorrect,2026-02-27_exp_7:game:2:event:171,Player 2: orange,Crewmate,"{""ejected_player"": ""Player 2: orange"", ""ejected_identity"": ""Crewmate"", ""meeting_id"": 3, ""correct_ejection"": false}",C:\Users\shiven\Desktop\AmongUs\expt-logs\2026-02-27_exp_7\structured-v1\events_v1.jsonl,171,2026-02-27T07:20:32.744588Z,
C03,2026-02-27_exp_7,vote_changed,False,,Player 1: white,Crewmate,"{""voter"": ""Player 1: white"", ""meeting_id"": ""1"", ""vote_sequence"": [""Player 4: brown""], ""vote_changed"": false}",C:\Users\shiven\Desktop\AmongUs\expt-logs\2026-02-27_exp_7\structured-v1\listener_outcomes_v1.jsonl,1,,
C03,2026-02-27_exp_7,vote_changed,False,,Player 2: orange,Crewmate,"{""voter"": ""Player 2: orange"", ""meeting_id"": ""1"", ""vote_sequence"": [""Player 4: brown""], ""vote_changed"": false}",C:\Users\shiven\Desktop\AmongUs\expt-logs\2026-02-27_exp_7\structured-v1\listener_outcomes_v1.jsonl,2,,
C03,2026-02-27_exp_7,vote_changed,False,,Player 3: lime,Impostor,"{""voter"": ""Player 3: lime"", ""meeting_id"": ""1"", ""vote_sequence"": [""Player 4: brown""], ""vote_changed"": false}",C:\Users\shiven\Desktop\AmongUs\expt-logs\2026-02-27_exp_7\structured-v1\listener_outcomes_v1.jsonl,3,,
C03,2026-02-27_exp_7,vote_changed,False,,Player 4: brown,Impostor,"{""voter"": ""Player 4: brown"", ""meeting_id"": ""1"", ""vote_sequence"": [""Player 3: lime""], ""vote_changed"": false}",C:\Users\shiven\Desktop\AmongUs\expt-logs\2026-02-27_exp_7\structured-v1\listener_outcomes_v1.jsonl,4,,
C03,2026-02-27_exp_7,vote_changed,False,,Player 5: cyan,Crewmate,"{""voter"": ""Player 5: cyan"", ""meeting_id"": ""1"", ""vote_sequence"": [""Player 7: green""], ""vote_changed"": false}",C:\Users\shiven\Desktop\AmongUs\expt-logs\2026-02-27_exp_7\structured-v1\listener_outcomes_v1.jsonl,5,,
C03,2026-02-27_exp_7,vote_changed,False,,Player 7: green,Crewmate,"{""voter"": ""Player 7: green"", ""meeting_id"": ""1"", ""vote_sequence"": [""Player 4: brown""], ""vote_changed"": false}",C:\Users\shiven\Desktop\AmongUs\expt-logs\2026-02-27_exp_7\structured-v1\listener_outcomes_v1.jsonl,6,,
C03,2026-02-27_exp_7,vote_changed,False,,Player 2: orange,Crewmate,"{""voter"": ""Player 2: orange"", ""meeting_id"": ""2"", ""vote_sequence"": [""Player 7: green""], ""vote_changed"": false}",C:\Users\shiven\Desktop\AmongUs\expt-logs\2026-02-27_exp_7\structured-v1\listener_outcomes_v1.jsonl,7,,
C03,2026-02-27_exp_7,vote_changed,False,,Player 3: lime,Impostor,"{""voter"": ""Player 3: lime"", ""meeting_id"": ""2"", ""vote_sequence"": [""Player 7: green""], ""vote_changed"": false}",C:\Users\shiven\Desktop\AmongUs\expt-logs\2026-02-27_exp_7\structured-v1\listener_outcomes_v1.jsonl,8,,
C03,2026-02-27_exp_7,vote_changed,False,,Player 5: cyan,Crewmate,"{""voter"": ""Player 5: cyan"", ""meeting_id"": ""2"", ""vote_sequence"": [""Player 7: green""], ""vote_changed"": false}",C:\Users\shiven\Desktop\AmongUs\expt-logs\2026-02-27_exp_7\structured-v1\listener_outcomes_v1.jsonl,9,,
C03,2026-02-27_exp_7,vote_changed,False,,Player 7: green,Crewmate,"{""voter"": ""Player 7: green"", ""meeting_id"": ""2"", ""vote_sequence"": [""Player 3: lime""], ""vote_changed"": false}",C:\Users\shiven\Desktop\AmongUs\expt-logs\2026-02-27_exp_7\structured-v1\listener_outcomes_v1.jsonl,10,,
C03,2026-02-27_exp_7,vote_changed,False,,Player 2: orange,Crewmate,"{""voter"": ""Player 2: orange"", ""meeting_id"": ""3"", ""vote_sequence"": [""Player 3: lime""], ""vote_changed"": false}",C:\Users\shiven\Desktop\AmongUs\expt-logs\2026-02-27_exp_7\structured-v1\listener_outcomes_v1.jsonl,11,,
C03,2026-02-27_exp_7,vote_changed,False,,Player 3: lime,Impostor,"{""voter"": ""Player 3: lime"", ""meeting_id"": ""3"", ""vote_sequence"": [""Player 2: orange""], ""vote_changed"": false}",C:\Users\shiven\Desktop\AmongUs\expt-logs\2026-02-27_exp_7\structured-v1\listener_outcomes_v1.jsonl,12,,
C03,2026-02-27_exp_7,vote_changed,False,,Player 5: cyan,Crewmate,"{""voter"": ""Player 5: cyan"", ""meeting_id"": ""3"", ""vote_sequence"": [""Player 2: orange""], ""vote_changed"": false}",C:\Users\shiven\Desktop\AmongUs\expt-logs\2026-02-27_exp_7\structured-v1\listener_outcomes_v1.jsonl,13,,
C03,2026-02-28_exp_10,vote_correctness,incorrect,2026-02-28_exp_10:game:1:event:208,Player 1: orange,Impostor,"{""target"": ""Player 2: blue"", ""target_identity"": ""Crewmate"", ""meeting_id"": 1, ""correct"": false, ""human_voter"": false}",C:\Users\shiven\Desktop\AmongUs\expt-logs\2026-02-28_exp_10\structured-v1\events_v1.jsonl,208,2026-02-28T08:36:24.885480Z,
C03,2026-02-28_exp_10,vote_correctness,correct,2026-02-28_exp_10:game:1:event:209,Player 2: blue,Crewmate,"{""target"": ""Player 1: orange"", ""target_identity"": ""Impostor"", ""meeting_id"": 1, ""correct"": true, ""human_voter"": true}",C:\Users\shiven\Desktop\AmongUs\expt-logs\2026-02-28_exp_10\structured-v1\events_v1.jsonl,209,2026-02-28T08:36:34.246106Z,
C03,2026-02-28_exp_10,vote_correctness,incorrect,2026-02-28_exp_10:game:1:event:210,Player 3: lime,Crewmate,"{""target"": ""Player 2: blue"", ""target_identity"": ""Crewmate"", ""meeting_id"": 1, ""correct"": false, ""human_voter"": false}",C:\Users\shiven\Desktop\AmongUs\expt-logs\2026-02-28_exp_10\structured-v1\events_v1.jsonl,210,2026-02-28T08:36:40.853780Z,
C03,2026-02-28_exp_10,vote_correctness,incorrect,2026-02-28_exp_10:game:1:event:211,Player 4: black,Crewmate,"{""target"": ""Player 2: blue"", ""target_identity"": ""Crewmate"", ""meeting_id"": 1, ""correct"": false, ""human_voter"": false}",C:\Users\shiven\Desktop\AmongUs\expt-logs\2026-02-28_exp_10\structured-v1\events_v1.jsonl,211,2026-02-28T08:36:47.856338Z,
C03,2026-02-28_exp_10,vote_correctness,incorrect,2026-02-28_exp_10:game:1:event:212,Player 6: white,Impostor,"{""target"": ""Player 2: blue"", ""target_identity"": ""Crewmate"", ""meeting_id"": 1, ""correct"": false, ""human_voter"": false}",C:\Users\shiven\Desktop\AmongUs\expt-logs\2026-02-28_exp_10\structured-v1\events_v1.jsonl,212,2026-02-28T08:36:50.910365Z,
C03,2026-02-28_exp_10,ejection_accuracy,incorrect,2026-02-28_exp_10:game:1:event:213,Player 2: blue,Crewmate,"{""ejected_player"": ""Player 2: blue"", ""ejected_identity"": ""Crewmate"", ""meeting_id"": 1, ""correct_ejection"": false}",C:\Users\shiven\Desktop\AmongUs\expt-logs\2026-02-28_exp_10\structured-v1\events_v1.jsonl,213,2026-02-28T08:36:50.912769Z,
C03,2026-02-28_exp_10,vote_changed,False,,Player 1: orange,Impostor,"{""voter"": ""Player 1: orange"", ""meeting_id"": ""1"", ""vote_sequence"": [""Player 2: blue""], ""vote_changed"": false}",C:\Users\shiven\Desktop\AmongUs\expt-logs\2026-02-28_exp_10\structured-v1\listener_outcomes_v1.jsonl,1,,
C03,2026-02-28_exp_10,vote_changed,False,,Player 2: blue,Crewmate,"{""voter"": ""Player 2: blue"", ""meeting_id"": ""1"", ""vote_sequence"": [""Player 1: orange""], ""vote_changed"": false}",C:\Users\shiven\Desktop\AmongUs\expt-logs\2026-02-28_exp_10\structured-v1\listener_outcomes_v1.jsonl,2,,
C03,2026-02-28_exp_10,vote_changed,False,,Player 3: lime,Crewmate,"{""voter"": ""Player 3: lime"", ""meeting_id"": ""1"", ""vote_sequence"": [""Player 2: blue""], ""vote_changed"": false}",C:\Users\shiven\Desktop\AmongUs\expt-logs\2026-02-28_exp_10\structured-v1\listener_outcomes_v1.jsonl,3,,
C03,2026-02-28_exp_10,vote_changed,False,,Player 4: black,Crewmate,"{""voter"": ""Player 4: black"", ""meeting_id"": ""1"", ""vote_sequence"": [""Player 2: blue""], ""vote_changed"": false}",C:\Users\shiven\Desktop\AmongUs\expt-logs\2026-02-28_exp_10\structured-v1\listener_outcomes_v1.jsonl,4,,
C03,2026-02-28_exp_10,vote_changed,False,,Player 6: white,Impostor,"{""voter"": ""Player 6: white"", ""meeting_id"": ""1"", ""vote_sequence"": [""Player 2: blue""], ""vote_changed"": false}",C:\Users\shiven\Desktop\AmongUs\expt-logs\2026-02-28_exp_10\structured-v1\listener_outcomes_v1.jsonl,5,,
C03,2026-02-28_exp_11,vote_correctness,incorrect,2026-02-28_exp_11:game:2:event:129,Player 1: pink,Impostor,"{""target"": ""Player 2: lime"", ""target_identity"": ""Crewmate"", ""meeting_id"": 1, ""correct"": false, ""human_voter"": false}",C:\Users\shiven\Desktop\AmongUs\expt-logs\2026-02-28_exp_11\structured-v1\events_v1.jsonl,129,2026-02-28T09:11:40.227643Z,
C03,2026-02-28_exp_11,vote_correctness,correct,2026-02-28_exp_11:game:2:event:130,Player 2: lime,Crewmate,"{""target"": ""Player 5: brown"", ""target_identity"": ""Impostor"", ""meeting_id"": 1, ""correct"": true, ""human_voter"": false}",C:\Users\shiven\Desktop\AmongUs\expt-logs\2026-02-28_exp_11\structured-v1\events_v1.jsonl,130,2026-02-28T09:11:42.918884Z,
C03,2026-02-28_exp_11,vote_correctness,incorrect,2026-02-28_exp_11:game:2:event:131,Player 3: blue,Crewmate,"{""target"": ""Player 6: black"", ""target_identity"": ""Crewmate"", ""meeting_id"": 1, ""correct"": false, ""human_voter"": false}",C:\Users\shiven\Desktop\AmongUs\expt-logs\2026-02-28_exp_11\structured-v1\events_v1.jsonl,131,2026-02-28T09:11:47.311004Z,
C03,2026-02-28_exp_11,vote_correctness,incorrect,2026-02-28_exp_11:game:2:event:132,Player 5: brown,Impostor,"{""target"": ""Player 6: black"", ""target_identity"": ""Crewmate"", ""meeting_id"": 1, ""correct"": false, ""human_voter"": false}",C:\Users\shiven\Desktop\AmongUs\expt-logs\2026-02-28_exp_11\structured-v1\events_v1.jsonl,132,2026-02-28T09:11:52.905111Z,
C03,2026-02-28_exp_11,vote_correctness,correct,2026-02-28_exp_11:game:2:event:133,Player 6: black,Crewmate,"{""target"": ""Player 5: brown"", ""target_identity"": ""Impostor"", ""meeting_id"": 1, ""correct"": true, ""human_voter"": true}",C:\Users\shiven\Desktop\AmongUs\expt-logs\2026-02-28_exp_11\structured-v1\events_v1.jsonl,133,2026-02-28T09:11:56.529609Z,
C03,2026-02-28_exp_11,vote_correctness,correct,2026-02-28_exp_11:game:2:event:134,Player 7: white,Crewmate,"{""target"": ""Player 5: brown"", ""target_identity"": ""Impostor"", ""meeting_id"": 1, ""correct"": true, ""human_voter"": false}",C:\Users\shiven\Desktop\AmongUs\expt-logs\2026-02-28_exp_11\structured-v1\events_v1.jsonl,134,2026-02-28T09:11:58.972191Z,
C03,2026-02-28_exp_11,ejection_accuracy,correct,2026-02-28_exp_11:game:2:event:135,Player 5: brown,Impostor,"{""ejected_player"": ""Player 5: brown"", ""ejected_identity"": ""Impostor"", ""meeting_id"": 1, ""correct_ejection"": true}",C:\Users\shiven\Desktop\AmongUs\expt-logs\2026-02-28_exp_11\structured-v1\events_v1.jsonl,135,2026-02-28T09:11:58.974743Z,
C03,2026-02-28_exp_11,vote_changed,False,,Player 1: pink,Impostor,"{""voter"": ""Player 1: pink"", ""meeting_id"": ""1"", ""vote_sequence"": [""Player 2: lime""], ""vote_changed"": false}",C:\Users\shiven\Desktop\AmongUs\expt-logs\2026-02-28_exp_11\structured-v1\listener_outcomes_v1.jsonl,1,,
C03,2026-02-28_exp_11,vote_changed,False,,Player 2: lime,Crewmate,"{""voter"": ""Player 2: lime"", ""meeting_id"": ""1"", ""vote_sequence"": [""Player 5: brown""], ""vote_changed"": false}",C:\Users\shiven\Desktop\AmongUs\expt-logs\2026-02-28_exp_11\structured-v1\listener_outcomes_v1.jsonl,2,,
C03,2026-02-28_exp_11,vote_changed,False,,Player 3: blue,Crewmate,"{""voter"": ""Player 3: blue"", ""meeting_id"": ""1"", ""vote_sequence"": [""Player 6: black""], ""vote_changed"": false}",C:\Users\shiven\Desktop\AmongUs\expt-logs\2026-02-28_exp_11\structured-v1\listener_outcomes_v1.jsonl,3,,
C03,2026-02-28_exp_11,vote_changed,False,,Player 5: brown,Impostor,"{""voter"": ""Player 5: brown"", ""meeting_id"": ""1"", ""vote_sequence"": [""Player 6: black""], ""vote_changed"": false}",C:\Users\shiven\Desktop\AmongUs\expt-logs\2026-02-28_exp_11\structured-v1\listener_outcomes_v1.jsonl,4,,
C03,2026-02-28_exp_11,vote_changed,False,,Player 6: black,Crewmate,"{""voter"": ""Player 6: black"", ""meeting_id"": ""1"", ""vote_sequence"": [""Player 5: brown""], ""vote_changed"": false}",C:\Users\shiven\Desktop\AmongUs\expt-logs\2026-02-28_exp_11\structured-v1\listener_outcomes_v1.jsonl,5,,
C03,2026-02-28_exp_11,vote_changed,False,,Player 7: white,Crewmate,"{""voter"": ""Player 7: white"", ""meeting_id"": ""1"", ""vote_sequence"": [""Player 5: brown""], ""vote_changed"": false}",C:\Users\shiven\Desktop\AmongUs\expt-logs\2026-02-28_exp_11\structured-v1\listener_outcomes_v1.jsonl,6,,
C03,2026-02-28_exp_12,vote_correctness,incorrect,2026-02-28_exp_12:game:3:event:95,Player 1: green,Crewmate,"{""target"": ""Player 2: orange"", ""target_identity"": ""Crewmate"", ""meeting_id"": 1, ""correct"": false, ""human_voter"": false}",C:\Users\shiven\Desktop\AmongUs\expt-logs\2026-02-28_exp_12\structured-v1\events_v1.jsonl,95,2026-02-28T09:32:03.882037Z,
C03,2026-02-28_exp_12,vote_correctness,incorrect,2026-02-28_exp_12:game:3:event:96,Player 2: orange,Crewmate,"{""target"": ""Player 3: black"", ""target_identity"": ""Crewmate"", ""meeting_id"": 1, ""correct"": false, ""human_voter"": false}",C:\Users\shiven\Desktop\AmongUs\expt-logs\2026-02-28_exp_12\structured-v1\events_v1.jsonl,96,2026-02-28T09:32:08.918489Z,
C03,2026-02-28_exp_12,vote_correctness,correct,2026-02-28_exp_12:game:3:event:97,Player 3: black,Crewmate,"{""target"": ""Player 7: blue"", ""target_identity"": ""Impostor"", ""meeting_id"": 1, ""correct"": true, ""human_voter"": true}",C:\Users\shiven\Desktop\AmongUs\expt-logs\2026-02-28_exp_12\structured-v1\events_v1.jsonl,97,2026-02-28T09:32:10.991275Z,
C03,2026-02-28_exp_12,vote_correctness,correct,2026-02-28_exp_12:game:3:event:98,Player 5: lime,Impostor,"{""target"": ""Player 7: blue"", ""target_identity"": ""Impostor"", ""meeting_id"": 1, ""correct"": true, ""human_voter"": false}",C:\Users\shiven\Desktop\AmongUs\expt-logs\2026-02-28_exp_12\structured-v1\events_v1.jsonl,98,2026-02-28T09:32:14.142901Z,
C03,2026-02-28_exp_12,vote_correctness,incorrect,2026-02-28_exp_12:game:3:event:99,Player 6: red,Crewmate,"{""target"": ""Player 1: green"", ""target_identity"": ""Crewmate"", ""meeting_id"": 1, ""correct"": false, ""human_voter"": false}",C:\Users\shiven\Desktop\AmongUs\expt-logs\2026-02-28_exp_12\structured-v1\events_v1.jsonl,99,2026-02-28T09:32:16.297006Z,
C03,2026-02-28_exp_12,vote_correctness,incorrect,2026-02-28_exp_12:game:3:event:100,Player 7: blue,Impostor,"{""target"": ""Player 3: black"", ""target_identity"": ""Crewmate"", ""meeting_id"": 1, ""correct"": false, ""human_voter"": false}",C:\Users\shiven\Desktop\AmongUs\expt-logs\2026-02-28_exp_12\structured-v1\events_v1.jsonl,100,2026-02-28T09:32:20.066470Z,
C03,2026-02-28_exp_12,vote_correctness,incorrect,2026-02-28_exp_12:game:3:event:204,Player 1: green,Crewmate,"{""target"": ""Player 3: black"", ""target_identity"": ""Crewmate"", ""meeting_id"": 2, ""correct"": false, ""human_voter"": false}",C:\Users\shiven\Desktop\AmongUs\expt-logs\2026-02-28_exp_12\structured-v1\events_v1.jsonl,204,2026-02-28T09:40:21.788341Z,
C03,2026-02-28_exp_12,vote_correctness,incorrect,2026-02-28_exp_12:game:3:event:205,Player 2: orange,Crewmate,"{""target"": ""Player 1: green"", ""target_identity"": ""Crewmate"", ""meeting_id"": 2, ""correct"": false, ""human_voter"": false}",C:\Users\shiven\Desktop\AmongUs\expt-logs\2026-02-28_exp_12\structured-v1\events_v1.jsonl,205,2026-02-28T09:40:25.999830Z,
C03,2026-02-28_exp_12,vote_correctness,incorrect,2026-02-28_exp_12:game:3:event:206,Player 3: black,Crewmate,"{""target"": ""Player 1: green"", ""target_identity"": ""Crewmate"", ""meeting_id"": 2, ""correct"": false, ""human_voter"": true}",C:\Users\shiven\Desktop\AmongUs\expt-logs\2026-02-28_exp_12\structured-v1\events_v1.jsonl,206,2026-02-28T09:40:34.785968Z,
C03,2026-02-28_exp_12,vote_correctness,incorrect,2026-02-28_exp_12:game:3:event:207,Player 5: lime,Impostor,"{""target"": ""Player 2: orange"", ""target_identity"": ""Crewmate"", ""meeting_id"": 2, ""correct"": false, ""human_voter"": false}",C:\Users\shiven\Desktop\AmongUs\expt-logs\2026-02-28_exp_12\structured-v1\events_v1.jsonl,207,2026-02-28T09:40:38.568616Z,
C03,2026-02-28_exp_12,vote_correctness,incorrect,2026-02-28_exp_12:game:3:event:208,Player 7: blue,Impostor,"{""target"": ""Player 2: orange"", ""target_identity"": ""Crewmate"", ""meeting_id"": 2, ""correct"": false, ""human_voter"": false}",C:\Users\shiven\Desktop\AmongUs\expt-logs\2026-02-28_exp_12\structured-v1\events_v1.jsonl,208,2026-02-28T09:40:42.054720Z,
C03,2026-02-28_exp_12,vote_changed,False,,Player 1: green,Crewmate,"{""voter"": ""Player 1: green"", ""meeting_id"": ""1"", ""vote_sequence"": [""Player 2: orange""], ""vote_changed"": false}",C:\Users\shiven\Desktop\AmongUs\expt-logs\2026-02-28_exp_12\structured-v1\listener_outcomes_v1.jsonl,1,,
C03,2026-02-28_exp_12,vote_changed,False,,Player 2: orange,Crewmate,"{""voter"": ""Player 2: orange"", ""meeting_id"": ""1"", ""vote_sequence"": [""Player 3: black""], ""vote_changed"": false}",C:\Users\shiven\Desktop\AmongUs\expt-logs\2026-02-28_exp_12\structured-v1\listener_outcomes_v1.jsonl,2,,
C03,2026-02-28_exp_12,vote_changed,False,,Player 3: black,Crewmate,"{""voter"": ""Player 3: black"", ""meeting_id"": ""1"", ""vote_sequence"": [""Player 7: blue""], ""vote_changed"": false}",C:\Users\shiven\Desktop\AmongUs\expt-logs\2026-02-28_exp_12\structured-v1\listener_outcomes_v1.jsonl,3,,
C03,2026-02-28_exp_12,vote_changed,False,,Player 5: lime,Impostor,"{""voter"": ""Player 5: lime"", ""meeting_id"": ""1"", ""vote_sequence"": [""Player 7: blue""], ""vote_changed"": false}",C:\Users\shiven\Desktop\AmongUs\expt-logs\2026-02-28_exp_12\structured-v1\listener_outcomes_v1.jsonl,4,,
C03,2026-02-28_exp_12,vote_changed,False,,Player 6: red,Crewmate,"{""voter"": ""Player 6: red"", ""meeting_id"": ""1"", ""vote_sequence"": [""Player 1: green""], ""vote_changed"": false}",C:\Users\shiven\Desktop\AmongUs\expt-logs\2026-02-28_exp_12\structured-v1\listener_outcomes_v1.jsonl,5,,
C03,2026-02-28_exp_12,vote_changed,False,,Player 7: blue,Impostor,"{""voter"": ""Player 7: blue"", ""meeting_id"": ""1"", ""vote_sequence"": [""Player 3: black""], ""vote_changed"": false}",C:\Users\shiven\Desktop\AmongUs\expt-logs\2026-02-28_exp_12\structured-v1\listener_outcomes_v1.jsonl,6,,
C03,2026-02-28_exp_12,vote_changed,False,,Player 1: green,Crewmate,"{""voter"": ""Player 1: green"", ""meeting_id"": ""2"", ""vote_sequence"": [""Player 3: black""], ""vote_changed"": false}",C:\Users\shiven\Desktop\AmongUs\expt-logs\2026-02-28_exp_12\structured-v1\listener_outcomes_v1.jsonl,7,,
C03,2026-02-28_exp_12,vote_changed,False,,Player 2: orange,Crewmate,"{""voter"": ""Player 2: orange"", ""meeting_id"": ""2"", ""vote_sequence"": [""Player 1: green""], ""vote_changed"": false}",C:\Users\shiven\Desktop\AmongUs\expt-logs\2026-02-28_exp_12\structured-v1\listener_outcomes_v1.jsonl,8,,
C03,2026-02-28_exp_12,vote_changed,False,,Player 3: black,Crewmate,"{""voter"": ""Player 3: black"", ""meeting_id"": ""2"", ""vote_sequence"": [""Player 1: green""], ""vote_changed"": false}",C:\Users\shiven\Desktop\AmongUs\expt-logs\2026-02-28_exp_12\structured-v1\listener_outcomes_v1.jsonl,9,,
C03,2026-02-28_exp_12,vote_changed,False,,Player 5: lime,Impostor,"{""voter"": ""Player 5: lime"", ""meeting_id"": ""2"", ""vote_sequence"": [""Player 2: orange""], ""vote_changed"": false}",C:\Users\shiven\Desktop\AmongUs\expt-logs\2026-02-28_exp_12\structured-v1\listener_outcomes_v1.jsonl,10,,
C03,2026-02-28_exp_12,vote_changed,False,,Player 7: blue,Impostor,"{""voter"": ""Player 7: blue"", ""meeting_id"": ""2"", ""vote_sequence"": [""Player 2: orange""], ""vote_changed"": false}",C:\Users\shiven\Desktop\AmongUs\expt-logs\2026-02-28_exp_12\structured-v1\listener_outcomes_v1.jsonl,11,,
C03,2026-02-28_exp_13,vote_correctness,incorrect,2026-02-28_exp_13:game:4:event:92,Player 1: brown,Crewmate,"{""target"": ""Player 2: lime"", ""target_identity"": ""Crewmate"", ""meeting_id"": 1, ""correct"": false, ""human_voter"": false}",C:\Users\shiven\Desktop\AmongUs\expt-logs\2026-02-28_exp_13\structured-v1\events_v1.jsonl,92,2026-02-28T09:58:42.925770Z,
C03,2026-02-28_exp_13,vote_correctness,incorrect,2026-02-28_exp_13:game:4:event:93,Player 2: lime,Crewmate,"{""target"": ""Player 1: brown"", ""target_identity"": ""Crewmate"", ""meeting_id"": 1, ""correct"": false, ""human_voter"": true}",C:\Users\shiven\Desktop\AmongUs\expt-logs\2026-02-28_exp_13\structured-v1\events_v1.jsonl,93,2026-02-28T09:59:02.449882Z,
C03,2026-02-28_exp_13,vote_correctness,incorrect,2026-02-28_exp_13:game:4:event:94,Player 3: yellow,Crewmate,"{""target"": ""Player 1: brown"", ""target_identity"": ""Crewmate"", ""meeting_id"": 1, ""correct"": false, ""human_voter"": false}",C:\Users\shiven\Desktop\AmongUs\expt-logs\2026-02-28_exp_13\structured-v1\events_v1.jsonl,94,2026-02-28T09:59:05.602635Z,
C03,2026-02-28_exp_13,vote_correctness,correct,2026-02-28_exp_13:game:4:event:95,Player 4: green,Crewmate,"{""target"": ""Player 5: blue"", ""target_identity"": ""Impostor"", ""meeting_id"": 1, ""correct"": true, ""human_voter"": false}",C:\Users\shiven\Desktop\AmongUs\expt-logs\2026-02-28_exp_13\structured-v1\events_v1.jsonl,95,2026-02-28T09:59:07.957156Z,
C03,2026-02-28_exp_13,vote_correctness,incorrect,2026-02-28_exp_13:game:4:event:96,Player 5: blue,Impostor,"{""target"": ""Player 1: brown"", ""target_identity"": ""Crewmate"", ""meeting_id"": 1, ""correct"": false, ""human_voter"": false}",C:\Users\shiven\Desktop\AmongUs\expt-logs\2026-02-28_exp_13\structured-v1\events_v1.jsonl,96,2026-02-28T09:59:12.186933Z,
C03,2026-02-28_exp_13,vote_correctness,incorrect,2026-02-28_exp_13:game:4:event:97,Player 6: white,Impostor,"{""target"": ""Player 1: brown"", ""target_identity"": ""Crewmate"", ""meeting_id"": 1, ""correct"": false, ""human_voter"": false}",C:\Users\shiven\Desktop\AmongUs\expt-logs\2026-02-28_exp_13\structured-v1\events_v1.jsonl,97,2026-02-28T09:59:15.796796Z,
C03,2026-02-28_exp_13,ejection_accuracy,incorrect,2026-02-28_exp_13:game:4:event:98,Player 1: brown,Crewmate,"{""ejected_player"": ""Player 1: brown"", ""ejected_identity"": ""Crewmate"", ""meeting_id"": 1, ""correct_ejection"": false}",C:\Users\shiven\Desktop\AmongUs\expt-logs\2026-02-28_exp_13\structured-v1\events_v1.jsonl,98,2026-02-28T09:59:15.799916Z,
C03,2026-02-28_exp_13,vote_changed,False,,Player 1: brown,Crewmate,"{""voter"": ""Player 1: brown"", ""meeting_id"": ""1"", ""vote_sequence"": [""Player 2: lime""], ""vote_changed"": false}",C:\Users\shiven\Desktop\AmongUs\expt-logs\2026-02-28_exp_13\structured-v1\listener_outcomes_v1.jsonl,1,,
C03,2026-02-28_exp_13,vote_changed,False,,Player 2: lime,Crewmate,"{""voter"": ""Player 2: lime"", ""meeting_id"": ""1"", ""vote_sequence"": [""Player 1: brown""], ""vote_changed"": false}",C:\Users\shiven\Desktop\AmongUs\expt-logs\2026-02-28_exp_13\structured-v1\listener_outcomes_v1.jsonl,2,,
C03,2026-02-28_exp_13,vote_changed,False,,Player 3: yellow,Crewmate,"{""voter"": ""Player 3: yellow"", ""meeting_id"": ""1"", ""vote_sequence"": [""Player 1: brown""], ""vote_changed"": false}",C:\Users\shiven\Desktop\AmongUs\expt-logs\2026-02-28_exp_13\structured-v1\listener_outcomes_v1.jsonl,3,,
C03,2026-02-28_exp_13,vote_changed,False,,Player 4: green,Crewmate,"{""voter"": ""Player 4: green"", ""meeting_id"": ""1"", ""vote_sequence"": [""Player 5: blue""], ""vote_changed"": false}",C:\Users\shiven\Desktop\AmongUs\expt-logs\2026-02-28_exp_13\structured-v1\listener_outcomes_v1.jsonl,4,,
C03,2026-02-28_exp_13,vote_changed,False,,Player 5: blue,Impostor,"{""voter"": ""Player 5: blue"", ""meeting_id"": ""1"", ""vote_sequence"": [""Player 1: brown""], ""vote_changed"": false}",C:\Users\shiven\Desktop\AmongUs\expt-logs\2026-02-28_exp_13\structured-v1\listener_outcomes_v1.jsonl,5,,
C03,2026-02-28_exp_13,vote_changed,False,,Player 6: white,Impostor,"{""voter"": ""Player 6: white"", ""meeting_id"": ""1"", ""vote_sequence"": [""Player 1: brown""], ""vote_changed"": false}",C:\Users\shiven\Desktop\AmongUs\expt-logs\2026-02-28_exp_13\structured-v1\listener_outcomes_v1.jsonl,6,,
C03,2026-02-28_exp_14,vote_correctness,incorrect,2026-02-28_exp_14:game:5:event:75,Player 1: blue,Impostor,"{""target"": ""Player 3: green"", ""target_identity"": ""Crewmate"", ""meeting_id"": 1, ""correct"": false, ""human_voter"": false}",C:\Users\shiven\Desktop\AmongUs\expt-logs\2026-02-28_exp_14\structured-v1\events_v1.jsonl,75,2026-02-28T10:10:18.235070Z,
C03,2026-02-28_exp_14,vote_correctness,correct,2026-02-28_exp_14:game:5:event:76,Player 3: green,Crewmate,"{""target"": ""Player 1: blue"", ""target_identity"": ""Impostor"", ""meeting_id"": 1, ""correct"": true, ""human_voter"": false}",C:\Users\shiven\Desktop\AmongUs\expt-logs\2026-02-28_exp_14\structured-v1\events_v1.jsonl,76,2026-02-28T10:10:23.590248Z,
C03,2026-02-28_exp_14,vote_correctness,incorrect,2026-02-28_exp_14:game:5:event:77,Player 4: white,Crewmate,"{""target"": ""Player 5: purple"", ""target_identity"": ""Crewmate"", ""meeting_id"": 1, ""correct"": false, ""human_voter"": false}",C:\Users\shiven\Desktop\AmongUs\expt-logs\2026-02-28_exp_14\structured-v1\events_v1.jsonl,77,2026-02-28T10:10:25.905657Z,
C03,2026-02-28_exp_14,vote_correctness,incorrect,2026-02-28_exp_14:game:5:event:78,Player 5: purple,Crewmate,"{""target"": ""Player 3: green"", ""target_identity"": ""Crewmate"", ""meeting_id"": 1, ""correct"": false, ""human_voter"": true}",C:\Users\shiven\Desktop\AmongUs\expt-logs\2026-02-28_exp_14\structured-v1\events_v1.jsonl,78,2026-02-28T10:10:33.213712Z,
C03,2026-02-28_exp_14,vote_correctness,incorrect,2026-02-28_exp_14:game:5:event:79,Player 6: red,Crewmate,"{""target"": ""Player 3: green"", ""target_identity"": ""Crewmate"", ""meeting_id"": 1, ""correct"": false, ""human_voter"": false}",C:\Users\shiven\Desktop\AmongUs\expt-logs\2026-02-28_exp_14\structured-v1\events_v1.jsonl,79,2026-02-28T10:10:38.666056Z,
C03,2026-02-28_exp_14,vote_correctness,incorrect,2026-02-28_exp_14:game:5:event:80,Player 7: black,Impostor,"{""target"": ""Player 3: green"", ""target_identity"": ""Crewmate"", ""meeting_id"": 1, ""correct"": false, ""human_voter"": false}",C:\Users\shiven\Desktop\AmongUs\expt-logs\2026-02-28_exp_14\structured-v1\events_v1.jsonl,80,2026-02-28T10:10:42.130375Z,
C03,2026-02-28_exp_14,ejection_accuracy,incorrect,2026-02-28_exp_14:game:5:event:81,Player 3: green,Crewmate,"{""ejected_player"": ""Player 3: green"", ""ejected_identity"": ""Crewmate"", ""meeting_id"": 1, ""correct_ejection"": false}",C:\Users\shiven\Desktop\AmongUs\expt-logs\2026-02-28_exp_14\structured-v1\events_v1.jsonl,81,2026-02-28T10:10:42.133480Z,
C03,2026-02-28_exp_14,vote_changed,False,,Player 1: blue,Impostor,"{""voter"": ""Player 1: blue"", ""meeting_id"": ""1"", ""vote_sequence"": [""Player 3: green""], ""vote_changed"": false}",C:\Users\shiven\Desktop\AmongUs\expt-logs\2026-02-28_exp_14\structured-v1\listener_outcomes_v1.jsonl,1,,
C03,2026-02-28_exp_14,vote_changed,False,,Player 3: green,Crewmate,"{""voter"": ""Player 3: green"", ""meeting_id"": ""1"", ""vote_sequence"": [""Player 1: blue""], ""vote_changed"": false}",C:\Users\shiven\Desktop\AmongUs\expt-logs\2026-02-28_exp_14\structured-v1\listener_outcomes_v1.jsonl,2,,
C03,2026-02-28_exp_14,vote_changed,False,,Player 4: white,Crewmate,"{""voter"": ""Player 4: white"", ""meeting_id"": ""1"", ""vote_sequence"": [""Player 5: purple""], ""vote_changed"": false}",C:\Users\shiven\Desktop\AmongUs\expt-logs\2026-02-28_exp_14\structured-v1\listener_outcomes_v1.jsonl,3,,
C03,2026-02-28_exp_14,vote_changed,False,,Player 5: purple,Crewmate,"{""voter"": ""Player 5: purple"", ""meeting_id"": ""1"", ""vote_sequence"": [""Player 3: green""], ""vote_changed"": false}",C:\Users\shiven\Desktop\AmongUs\expt-logs\2026-02-28_exp_14\structured-v1\listener_outcomes_v1.jsonl,4,,
C03,2026-02-28_exp_14,vote_changed,False,,Player 6: red,Crewmate,"{""voter"": ""Player 6: red"", ""meeting_id"": ""1"", ""vote_sequence"": [""Player 3: green""], ""vote_changed"": false}",C:\Users\shiven\Desktop\AmongUs\expt-logs\2026-02-28_exp_14\structured-v1\listener_outcomes_v1.jsonl,5,,
C03,2026-02-28_exp_14,vote_changed,False,,Player 7: black,Impostor,"{""voter"": ""Player 7: black"", ""meeting_id"": ""1"", ""vote_sequence"": [""Player 3: green""], ""vote_changed"": false}",C:\Users\shiven\Desktop\AmongUs\expt-logs\2026-02-28_exp_14\structured-v1\listener_outcomes_v1.jsonl,6,,
C03,2026-03-01_exp_0,vote_correctness,incorrect,2026-03-01_exp_0:game:1:event:103,Player 1: blue,Impostor,"{""target"": ""Player 3: orange"", ""target_identity"": ""Crewmate"", ""meeting_id"": 1, ""correct"": false, ""human_voter"": false}",C:\Users\shiven\Desktop\AmongUs\expt-logs\2026-03-01_exp_0\structured-v1\events_v1.jsonl,103,2026-03-01T08:48:26.627816Z,
C03,2026-03-01_exp_0,vote_correctness,incorrect,2026-03-01_exp_0:game:1:event:104,Player 3: orange,Crewmate,"{""target"": ""Player 4: lime"", ""target_identity"": ""Crewmate"", ""meeting_id"": 1, ""correct"": false, ""human_voter"": false}",C:\Users\shiven\Desktop\AmongUs\expt-logs\2026-03-01_exp_0\structured-v1\events_v1.jsonl,104,2026-03-01T08:48:30.189041Z,
C03,2026-03-01_exp_0,vote_correctness,incorrect,2026-03-01_exp_0:game:1:event:105,Player 4: lime,Crewmate,"{""target"": ""Player 5: black"", ""target_identity"": ""Crewmate"", ""meeting_id"": 1, ""correct"": false, ""human_voter"": false}",C:\Users\shiven\Desktop\AmongUs\expt-logs\2026-03-01_exp_0\structured-v1\events_v1.jsonl,105,2026-03-01T08:48:32.610110Z,
C03,2026-03-01_exp_0,vote_correctness,incorrect,2026-03-01_exp_0:game:1:event:106,Player 5: black,Crewmate,"{""target"": ""Player 4: lime"", ""target_identity"": ""Crewmate"", ""meeting_id"": 1, ""correct"": false, ""human_voter"": false}",C:\Users\shiven\Desktop\AmongUs\expt-logs\2026-03-01_exp_0\structured-v1\events_v1.jsonl,106,2026-03-01T08:48:36.976892Z,
C03,2026-03-01_exp_0,vote_correctness,incorrect,2026-03-01_exp_0:game:1:event:107,Player 6: pink,Crewmate,"{""target"": ""Player 4: lime"", ""target_identity"": ""Crewmate"", ""meeting_id"": 1, ""correct"": false, ""human_voter"": true}",C:\Users\shiven\Desktop\AmongUs\expt-logs\2026-03-01_exp_0\structured-v1\events_v1.jsonl,107,2026-03-01T08:49:05.921391Z,
C03,2026-03-01_exp_0,vote_correctness,incorrect,2026-03-01_exp_0:game:1:event:108,Player 7: green,Impostor,"{""target"": ""Player 4: lime"", ""target_identity"": ""Crewmate"", ""meeting_id"": 1, ""correct"": false, ""human_voter"": false}",C:\Users\shiven\Desktop\AmongUs\expt-logs\2026-03-01_exp_0\structured-v1\events_v1.jsonl,108,2026-03-01T08:49:09.201899Z,
C03,2026-03-01_exp_0,ejection_accuracy,incorrect,2026-03-01_exp_0:game:1:event:109,Player 4: lime,Crewmate,"{""ejected_player"": ""Player 4: lime"", ""ejected_identity"": ""Crewmate"", ""meeting_id"": 1, ""correct_ejection"": false}",C:\Users\shiven\Desktop\AmongUs\expt-logs\2026-03-01_exp_0\structured-v1\events_v1.jsonl,109,2026-03-01T08:49:09.205263Z,
C03,2026-03-01_exp_0,vote_changed,False,,Player 1: blue,Impostor,"{""voter"": ""Player 1: blue"", ""meeting_id"": ""1"", ""vote_sequence"": [""Player 3: orange""], ""vote_changed"": false}",C:\Users\shiven\Desktop\AmongUs\expt-logs\2026-03-01_exp_0\structured-v1\listener_outcomes_v1.jsonl,1,,
C03,2026-03-01_exp_0,vote_changed,False,,Player 3: orange,Crewmate,"{""voter"": ""Player 3: orange"", ""meeting_id"": ""1"", ""vote_sequence"": [""Player 4: lime""], ""vote_changed"": false}",C:\Users\shiven\Desktop\AmongUs\expt-logs\2026-03-01_exp_0\structured-v1\listener_outcomes_v1.jsonl,2,,
C03,2026-03-01_exp_0,vote_changed,False,,Player 4: lime,Crewmate,"{""voter"": ""Player 4: lime"", ""meeting_id"": ""1"", ""vote_sequence"": [""Player 5: black""], ""vote_changed"": false}",C:\Users\shiven\Desktop\AmongUs\expt-logs\2026-03-01_exp_0\structured-v1\listener_outcomes_v1.jsonl,3,,
C03,2026-03-01_exp_0,vote_changed,False,,Player 5: black,Crewmate,"{""voter"": ""Player 5: black"", ""meeting_id"": ""1"", ""vote_sequence"": [""Player 4: lime""], ""vote_changed"": false}",C:\Users\shiven\Desktop\AmongUs\expt-logs\2026-03-01_exp_0\structured-v1\listener_outcomes_v1.jsonl,4,,
C03,2026-03-01_exp_0,vote_changed,False,,Player 6: pink,Crewmate,"{""voter"": ""Player 6: pink"", ""meeting_id"": ""1"", ""vote_sequence"": [""Player 4: lime""], ""vote_changed"": false}",C:\Users\shiven\Desktop\AmongUs\expt-logs\2026-03-01_exp_0\structured-v1\listener_outcomes_v1.jsonl,5,,
C03,2026-03-01_exp_0,vote_changed,False,,Player 7: green,Impostor,"{""voter"": ""Player 7: green"", ""meeting_id"": ""1"", ""vote_sequence"": [""Player 4: lime""], ""vote_changed"": false}",C:\Users\shiven\Desktop\AmongUs\expt-logs\2026-03-01_exp_0\structured-v1\listener_outcomes_v1.jsonl,6,,
C03,2026-03-01_exp_1,vote_correctness,incorrect,2026-03-01_exp_1:game:2:event:139,Player 1: yellow,Impostor,"{""target"": ""Player 6: brown"", ""target_identity"": ""Crewmate"", ""meeting_id"": 1, ""correct"": false, ""human_voter"": false}",C:\Users\shiven\Desktop\AmongUs\expt-logs\2026-03-01_exp_1\structured-v1\events_v1.jsonl,139,2026-03-01T09:09:09.916303Z,
C03,2026-03-01_exp_1,vote_correctness,incorrect,2026-03-01_exp_1:game:2:event:140,Player 3: white,Crewmate,"{""target"": ""Player 4: pink"", ""target_identity"": ""Crewmate"", ""meeting_id"": 1, ""correct"": false, ""human_voter"": false}",C:\Users\shiven\Desktop\AmongUs\expt-logs\2026-03-01_exp_1\structured-v1\events_v1.jsonl,140,2026-03-01T09:09:16.826963Z,
C03,2026-03-01_exp_1,vote_correctness,incorrect,2026-03-01_exp_1:game:2:event:141,Player 4: pink,Crewmate,"{""target"": ""Player 3: white"", ""target_identity"": ""Crewmate"", ""meeting_id"": 1, ""correct"": false, ""human_voter"": false}",C:\Users\shiven\Desktop\AmongUs\expt-logs\2026-03-01_exp_1\structured-v1\events_v1.jsonl,141,2026-03-01T09:09:19.486836Z,
C03,2026-03-01_exp_1,vote_correctness,incorrect,2026-03-01_exp_1:game:2:event:142,Player 5: black,Impostor,"{""target"": ""Player 3: white"", ""target_identity"": ""Crewmate"", ""meeting_id"": 1, ""correct"": false, ""human_voter"": false}",C:\Users\shiven\Desktop\AmongUs\expt-logs\2026-03-01_exp_1\structured-v1\events_v1.jsonl,142,2026-03-01T09:09:23.526751Z,
C03,2026-03-01_exp_1,vote_correctness,incorrect,2026-03-01_exp_1:game:2:event:143,Player 6: brown,Crewmate,"{""target"": ""Player 3: white"", ""target_identity"": ""Crewmate"", ""meeting_id"": 1, ""correct"": false, ""human_voter"": true}",C:\Users\shiven\Desktop\AmongUs\expt-logs\2026-03-01_exp_1\structured-v1\events_v1.jsonl,143,2026-03-01T09:09:37.257860Z,
C03,2026-03-01_exp_1,vote_correctness,incorrect,2026-03-01_exp_1:game:2:event:144,Player 7: cyan,Crewmate,"{""target"": ""Player 3: white"", ""target_identity"": ""Crewmate"", ""meeting_id"": 1, ""correct"": false, ""human_voter"": false}",C:\Users\shiven\Desktop\AmongUs\expt-logs\2026-03-01_exp_1\structured-v1\events_v1.jsonl,144,2026-03-01T09:09:40.084292Z,
C03,2026-03-01_exp_1,ejection_accuracy,incorrect,2026-03-01_exp_1:game:2:event:145,Player 3: white,Crewmate,"{""ejected_player"": ""Player 3: white"", ""ejected_identity"": ""Crewmate"", ""meeting_id"": 1, ""correct_ejection"": false}",C:\Users\shiven\Desktop\AmongUs\expt-logs\2026-03-01_exp_1\structured-v1\events_v1.jsonl,145,2026-03-01T09:09:40.087577Z,
C03,2026-03-01_exp_1,vote_changed,False,,Player 1: yellow,Impostor,"{""voter"": ""Player 1: yellow"", ""meeting_id"": ""1"", ""vote_sequence"": [""Player 6: brown""], ""vote_changed"": false}",C:\Users\shiven\Desktop\AmongUs\expt-logs\2026-03-01_exp_1\structured-v1\listener_outcomes_v1.jsonl,1,,
C03,2026-03-01_exp_1,vote_changed,False,,Player 3: white,Crewmate,"{""voter"": ""Player 3: white"", ""meeting_id"": ""1"", ""vote_sequence"": [""Player 4: pink""], ""vote_changed"": false}",C:\Users\shiven\Desktop\AmongUs\expt-logs\2026-03-01_exp_1\structured-v1\listener_outcomes_v1.jsonl,2,,
C03,2026-03-01_exp_1,vote_changed,False,,Player 4: pink,Crewmate,"{""voter"": ""Player 4: pink"", ""meeting_id"": ""1"", ""vote_sequence"": [""Player 3: white""], ""vote_changed"": false}",C:\Users\shiven\Desktop\AmongUs\expt-logs\2026-03-01_exp_1\structured-v1\listener_outcomes_v1.jsonl,3,,
C03,2026-03-01_exp_1,vote_changed,False,,Player 5: black,Impostor,"{""voter"": ""Player 5: black"", ""meeting_id"": ""1"", ""vote_sequence"": [""Player 3: white""], ""vote_changed"": false}",C:\Users\shiven\Desktop\AmongUs\expt-logs\2026-03-01_exp_1\structured-v1\listener_outcomes_v1.jsonl,4,,
C03,2026-03-01_exp_1,vote_changed,False,,Player 6: brown,Crewmate,"{""voter"": ""Player 6: brown"", ""meeting_id"": ""1"", ""vote_sequence"": [""Player 3: white""], ""vote_changed"": false}",C:\Users\shiven\Desktop\AmongUs\expt-logs\2026-03-01_exp_1\structured-v1\listener_outcomes_v1.jsonl,5,,
C03,2026-03-01_exp_1,vote_changed,False,,Player 7: cyan,Crewmate,"{""voter"": ""Player 7: cyan"", ""meeting_id"": ""1"", ""vote_sequence"": [""Player 3: white""], ""vote_changed"": false}",C:\Users\shiven\Desktop\AmongUs\expt-logs\2026-03-01_exp_1\structured-v1\listener_outcomes_v1.jsonl,6,,
